[
  {
    "name":"marvel",
    "url":"https://www.wikipedia.org/",
    "thumbnail":"",
    "series":""
  },
  {
    "name":"marvel",
    "url":"https://www.wikipedia.org/",
    "thumbnail":"",
    "series":""
  },
  {
    "name":"marvel",
    "url":"https://www.wikipedia.org/",
    "thumbnail":"",
    "series":""
  },
  {
    "name":"marvel",
    "url":"https://www.wikipedia.org/",
    "thumbnail":"",
    "series":""
  },
  {
    "name":"marvel",
    "url":"https://www.wikipedia.org/",
    "thumbnail":"",
    "series":""
  },
  {
    "name":"marvel",
    "url":"https://www.wikipedia.org/",
    "thumbnail":"",
    "series":""
  },
  {
    "name":"marvel",
    "url":"https://www.wikipedia.org/",
    "thumbnail":"",
    "series":""
  }
]